Digi-Key Part Number,Manufacturer Part Number,Quantity,Customer Reference
455-1569-1-ND,SM07B-GHS-TB,3,J5 both boards (GH 7-way board side)
296-47857-1-ND,TLV9062IDR,2,Head U8
296-17888-1-ND,SN74LVC1G132DBVR,2,Carrier U3
296-18758-1-ND,SN74LVC1G123DCTR,2,Carrier U4
160-LTST-C190GKTCT-ND,LTST-C190GKT,5,Carrier LED1 green 0603
P17614CT-ND,ERJ-8BQF3R9V,5,Head R18 3R9 1206 0.5W
587-1965-1-ND,LMK325BJ107MM-T,3,Head C20 100u 10V 1210
399-C0805C470J5GACTUCT-ND,C0805C470J5GACTU,10,Head C21 47p C0G 0805
490-1622-1-ND,GRM2165C1H102JA01D,10,Carrier C2 1n C0G 0805
490-1642-1-ND,GRM2195C1H103JA01D,10,Carrier C4 10n C0G 0805
490-1617-1-ND,GRM2165C1H471JA01D,10,Carrier C5 470p C0G 0805
1276-1015-1-ND,CL21B103KBANNNC,10,Carrier C6 + Head C22 10n X7R 0805
1276-1003-1-ND,CL21B104KBCNNNC,25,Carrier C7 C8 C11 C12 C14 + Head C23 C24 C25 100n 0805
1276-1123-1-ND,CL21B334KBFNNNE,10,Carrier C3 330n 0805
1276-1144-1-ND,CL21A106MPFNNNE,10,Carrier C9 10u 10V 0805
311-10.0KFRCT-ND,RC1206FR-0710KL,10,Carrier R5 R6 10k 1206
311-150KHRCT-ND,RC0603FR-07150KL,10,Carrier R7 150k 1%
YAG3327CT-ND,RC0603FR-071M6L,10,Carrier R8 1.6M
311-5.60KHRCT-ND,RC0603FR-075K6L,10,Carrier R9 5.6k
311-10.0KHRCT-ND,RC0603FR-0710KL,20,Carrier R10 R14 + Head R22 R24 R25 R27 10k
311-1.00KHRCT-ND,RC0603FR-071KL,10,Carrier R11 R15 1k
311-4.99KHRCT-ND,RC0603FR-074K99L,10,Head R21 4.99k
311-240KHRCT-ND,RC0603FR-07240KL,10,Head R23 240k
P22.0KHCT-ND,ERJ-3EKF2202V,10,Head R26 22k
311-470KHRCT-ND,RC0603FR-07470KL,10,Head R28 470k
13-RC0603FR-0733RLCT-ND,RC0603FR-0733RL,10,Head R32 33R
497-IIS3DWBCT-ND,IIS3DWBTR,1,Carrier U5 spare for hand reflow (max order qty applies)
1528-1153-ND,746,1,GPS for carrier J4 (optional; delete if sourcing elsewhere)
