Reference,Pin,Pin Name,Connected Net
J3,A1,GND,GND
J3,A4,VBUS,USB_VBUS
J3,A5,CC1,CC1
J3,A6,D+,NC
J3,A7,D-,NC
J3,A8,SBU1,NC
J3,A9,VBUS,USB_VBUS
J3,A12,GND,GND
J3,B1,GND,GND
J3,B4,VBUS,USB_VBUS
J3,B5,CC2,CC2
J3,B6,D+,NC
J3,B7,D-,NC
J3,B8,SBU2,NC
J3,B9,VBUS,USB_VBUS
J3,B12,GND,GND
J3,SH,SHIELD,GND
R16,1,,CC1
R16,2,,GND
R17,1,,CC2
R17,2,,GND
U4,1,TS,TS_FIXED
U4,2,BAT,BAT+
U4,3,BAT,BAT+
U4,4,~{CE},GND
U4,5,EN2,GND
U4,6,EN1,SYS_OUT
U4,7,~{PGOOD},PGOOD
U4,8,VSS,GND
U4,9,~{CHG},CHG
U4,10,OUT,SYS_OUT
U4,11,OUT,SYS_OUT
U4,12,ILIM,BQ_ILIM
U4,13,IN,USB_VBUS
U4,14,TMR,BQ_TMR
U4,15,ITERM,BQ_ITERM
U4,16,ISET,BQ_ISET
U4,17,VSS,GND
R11,1,,TS_FIXED
R11,2,,GND
R18,1,,BQ_ILIM
R18,2,,GND
R19,1,,BQ_TMR
R19,2,,GND
R20,1,,BQ_ITERM
R20,2,,GND
R21,1,,BQ_ISET
R21,2,,GND
R22,1,,+3V3
R22,2,,PGOOD
R23,1,,+3V3
R23,2,,CHG
C6,1,,USB_VBUS
C6,2,,GND
C7,1,,BAT+
C7,2,,GND
C8,1,,SYS_OUT
C8,2,,GND
U5,3,VIN,SYS_RAW
U5,2,EN,SYS_RAW
U5,4,GND,GND
U5,5,SW,BOOST5_SW
U5,6,VOUT,+5V
U5,1,FB,BOOST5_FB
L1,1,1,SYS_RAW
L1,2,2,BOOST5_SW
R12,1,,+5V
R12,2,,BOOST5_FB
R13,1,,BOOST5_FB
R13,2,,GND
C9,1,,+5V
C9,2,,BOOST5_FB
C10,1,,SYS_RAW
C10,2,,GND
C11,1,,SYS_RAW
C11,2,,GND
C12,1,,+5V
C12,2,,GND
C13,1,,+5V
C13,2,,GND
C14,1,,+5V
C14,2,,GND
U6,1,IN,+5V
U6,2,GND,GND
U6,3,EN,+5V
U6,4,NC,NC
U6,5,OUT,+3V3
C15,1,,+5V
C15,2,,GND
C16,1,,+3V3
C16,2,,GND
C17,1,,+3V3
C17,2,,GND
FB1,1,,+3V3
FB1,2,,+3V3_A
C18,1,,+3V3_A
C18,2,,GND
C19,1,,+3V3_A
C19,2,,GND
U7,1,SW,BOOST24_SW
U7,2,GND,GND
U7,3,FB,BOOST24_FB
U7,4,EN,+5V
U7,5,VIN,+5V
L2,1,1,+5V
L2,2,2,BOOST24_SW
D2,1,K,+24V_ICP
D2,2,A,BOOST24_SW
R14,1,,+24V_ICP
R14,2,,BOOST24_FB
R15,1,,BOOST24_FB
R15,2,,GND
C20,1,,+24V_ICP
C20,2,,BOOST24_FB
C21,1,,+5V
C21,2,,GND
C22,1,,+5V
C22,2,,GND
C23,1,,+24V_ICP
C23,2,,GND
C24,1,,+24V_ICP
C24,2,,GND
C25,1,,+24V_ICP
C25,2,,GND
J1,A,A,NC
J1,B,B,GND
J1,C,C,NC
J1,D,D,ACCEL_ICP
Q1,1,A,+24V_ICP
Q1,2,K,ACCEL_ICP
Q1,3,K,ACCEL_ICP
C1,1,,ACCEL_ICP
C1,2,,ACCEL_AC
R1,1,,ACCEL_AC
R1,2,,ACCEL_BIASED
U2,1,,ACCEL_BUFFERED
U2,2,-,ACCEL_BUFFERED
U2,3,+,ACCEL_BIASED
U2,5,+,VCM_RAW
U2,6,-,VCM_1V65
U2,7,,VCM_1V65
U2,4,V-,GND
U2,8,V+,+3V3_A
R2,1,,ACCEL_BIASED
R2,2,,VCM_1V65
R3,1,,+3V3_A
R3,2,,VCM_RAW
R4,1,,VCM_RAW
R4,2,,GND
C2,1,,VCM_RAW
C2,2,,GND
C3,1,,VCM_RAW
C3,2,,GND
C26,1,,+3V3_A
C26,2,,GND
C27,1,,+3V3_A
C27,2,,GND
U1,1,AVDD,+3V3_A
U1,2,AGND,GND
U1,3,AIN0P,ADC_AIN0P
U1,4,AIN0N,ADC_AIN0N
U1,6,AIN1P,ADC_AIN1P
U1,5,AIN1N,ADC_AIN1N
U1,7,NC,NC
U1,8,NC,NC
U1,9,NC,NC
U1,10,NC,NC
U1,20,DVDD,+3V3
U1,19,DGND,GND
U1,18,CAP,ADC_CAP
U1,17,CLKIN,ADC_CLK_8M192
U1,16,DIN,SPI1_MOSI
U1,15,DOUT,SPI1_MISO
U1,14,SCLK,SPI1_SCK
U1,13,~{DRDY},ADC_DRDY
U1,12,~{CS},ADC_CS
U1,11,~{SYNC/RESET},ADC_RESET
R5,1,,ACCEL_BUFFERED
R5,2,,ADC_AIN0P
R6,1,,VCM_1V65
R6,2,,ADC_AIN0N
C4,1,,ADC_AIN0P
C4,2,,ADC_AIN0N
D1,1,A,GND
D1,2,K,+3V3_A
D1,3,COM,ADC_AIN0P
R24,1,,ADC_AIN1P
R24,2,,GND
R25,1,,ADC_AIN1N
R25,2,,GND
C28,1,,+3V3_A
C28,2,,GND
C29,1,,+3V3
C29,2,,GND
C30,1,,ADC_CAP
C30,2,,GND
X1,4,VDD,+3V3
X1,1,EN,+3V3
X1,3,OUT,CLK_SOURCE
X1,2,GND,GND
R7,1,,CLK_SOURCE
R7,2,,ADC_CLK_8M192
R8,1,,CLK_SOURCE
R8,2,,MCU_HSE
C31,1,,+3V3
C31,2,,GND
U8,1,VBAT,+3V3
U8,2,PC13,NC
U8,3,PC14,NC
U8,4,PC15,NC
U8,5,PF0/OSC_IN,MCU_HSE
U8,6,PF1/OSC_OUT,NC
U8,7,PG10/~{NRST},NRST
U8,8,PA0,TACH_CAPTURE
U8,9,PA1,BTN_ACQUIRE
U8,10,PA2,BTN_BACK
U8,11,PA3,CHG
U8,12,PA4,ADC_CS
U8,13,PA5,SPI1_SCK
U8,14,PA6,SPI1_MISO
U8,15,PA7,SPI1_MOSI
U8,16,PB0,ADC_DRDY
U8,17,PB1,ADC_RESET
U8,18,PB2,PGOOD
U8,19,VSSA,GND
U8,20,VREF+,+3V3_A
U8,21,VDDA,+3V3_A
U8,22,PB10,LCD_RST
U8,23,VSS,GND
U8,24,VDD,+3V3
U8,25,PB11,LCD_DC
U8,26,PB12,LCD_CS
U8,27,PB13,SPI2_SCK
U8,28,PB14,SPI2_MISO
U8,29,PB15,SPI2_MOSI
U8,30,PA8,NC
U8,31,PA9,NC
U8,32,PA10,NC
U8,33,PA11,NC
U8,34,PA12,NC
U8,35,VSS,GND
U8,36,VDD,+3V3
U8,37,PA13,SWDIO
U8,38,PA14,SWCLK
U8,39,PA15,NC
U8,40,PB3,SWO
U8,41,PB4,RUN_LED
U8,42,PB5,FAULT_LED
U8,43,PB6,NC
U8,44,PB7,NC
U8,45,PB8/BOOT0,BOOT0
U8,46,PB9,SD_CS
U8,47,VSS,GND
U8,48,VDD,+3V3
C32,1,,+3V3
C32,2,,GND
C33,1,,+3V3
C33,2,,GND
C34,1,,+3V3
C34,2,,GND
C35,1,,+3V3
C35,2,,GND
C36,1,,+3V3
C36,2,,GND
C37,1,,+3V3_A
C37,2,,GND
C38,1,,+3V3_A
C38,2,,GND
R26,1,,BOOT0
R26,2,,GND
R27,1,,+3V3
R27,2,,NRST
C39,1,,NRST
C39,2,,GND
J2,A,A,+5V_TACH
J2,B,B,GND
J2,C,C,NC
J2,D,D,TACH_SIG
R9,1,,TACH_SIG
R9,2,,TACH_IN
U3,1,NC,NC
U3,2,,TACH_IN
U3,3,GND,GND
U3,4,,TACH_CAPTURE
U3,5,VCC,+3V3
R10,1,,+5V_TACH
R10,2,,TACH_IN
C5,1,,TACH_IN
C5,2,,GND
C40,1,,+3V3
C40,2,,GND
F1,1,,+5V
F1,2,,TACH_FUSED
FB2,1,,TACH_FUSED
FB2,2,,+5V_TACH
C41,1,,+5V_TACH
C41,2,,GND
C42,1,,+5V_TACH
C42,2,,GND
DS1,J1.1,GND,GND
DS1,J1.2,DCX/SCL,NC
DS1,J1.3,WRX/DCX,LCD_DC
DS1,J1.4,RDX,NC
DS1,J1.5,DB0,NC
DS1,J1.6,DB1,NC
DS1,J1.7,DB2,NC
DS1,J1.8,DB3,NC
DS1,J1.9,DB4,NC
DS1,J1.10,DB5,NC
DS1,J1.11,DB6,NC
DS1,J1.12,DB7,NC
DS1,J1.13,DB8,NC
DS1,J1.14,DB9,NC
DS1,J1.15,DB10,NC
DS1,J1.16,DB11,NC
DS1,J1.17,DB12,NC
DS1,J1.18,DB13,NC
DS1,J1.19,DB14,NC
DS1,J1.20,DB15,NC
DS1,J2.1,GND,GND
DS1,J2.2,VIN,+3V3_DISP
DS1,J2.3,TP_SDA,NC
DS1,J2.4,TP_SCL,NC
DS1,J2.5,TP_INT,NC
DS1,J2.6,~{TP_RST},NC
DS1,J2.7,IM0,NC
DS1,J2.8,IM1,NC
DS1,J2.9,IM2,NC
DS1,J2.10,SDO,SPI2_MISO
DS1,J2.11,SDA,SPI2_MOSI
DS1,J2.12,~{CSX},LCD_CS
DS1,J2.13,SCL/DCX,SPI2_SCK
DS1,J2.14,~{RST},LCD_RST
DS1,J2.15,BLK_NC,NC
DS1,J2.16,GND,GND
DS1,J2.17,TE_NC,NC
DS1,J2.18,SD_SDO,SPI2_MISO
DS1,J2.19,~{SD_CS},SD_CS
DS1,J2.20,SD_CD,NC
BT1,1,+,BAT+
BT1,2,-,GND
J4,1,Pin_1,GND
J4,2,Pin_2,BAT+
SW1,1,A,SYS_OUT
SW1,2,B,SYS_RAW
J6,1,Pin_1,SYS_OUT
J6,2,Pin_2,SYS_RAW
J5,1,Pin_1,+3V3
J5,2,Pin_2,SWDIO
J5,3,Pin_3,GND
J5,4,Pin_4,SWCLK
J5,5,Pin_5,NRST
SW2,1,1,BTN_ACQUIRE
SW2,2,2,GND
R28,1,,+3V3
R28,2,,BTN_ACQUIRE
SW3,1,1,BTN_BACK
SW3,2,2,GND
R29,1,,+3V3
R29,2,,BTN_BACK
R30,1,,RUN_LED
R30,2,,D3_A
D3,1,K,GND
D3,2,A,D3_A
R31,1,,FAULT_LED
R31,2,,D4_A
D4,1,K,GND
D4,2,A,D4_A
TP1,1,1,SWO
U9,1,VIN,+5V
U9,2,GND,GND
U9,3,EN,+5V
U9,4,FB,DISP_FB
U9,5,SW,DISP_SW
L3,1,1,DISP_SW
L3,2,2,+3V3_DISP
C43,1,,+5V
C43,2,,GND
C44,1,,+3V3_DISP
C44,2,,GND
C45,1,,+3V3_DISP
C45,2,,DISP_FB
R32,1,,+3V3_DISP
R32,2,,DISP_FB
R33,1,,DISP_FB
R33,2,,GND
